{
  "0": {
    "train_path": "C:/Users/HP/Downloads/Euro_USD Stock/BTC_train.csv",
    "test_path": "C:/Users/HP/Downloads/Euro_USD Stock/BTC_test.csv",
    "metrics": {
      "training": {
        "accuracy": 83.06613226452906,
        "f1": 83.0342478653356,
        "precision": 83.09129332693898,
        "recall": 83.06613226452906,
        "confusion": [
          [
            374,
            96
          ],
          [
            73,
            455
          ]
        ]
      },
      "test": {
        "accuracy": 83.65019011406845,
        "f1": 83.27406602691772,
        "precision": 87.30970466337773,
        "recall": 83.65019011406845,
        "confusion": [
          [
            129,
            1
          ],
          [
            42,
            91
          ]
        ]
      }
    }
  },
  "2": {
    "train_path": "C:/Users/HP/Downloads/Euro_USD Stock/BTC_train.csv",
    "test_path": "C:/Users/HP/Downloads/Euro_USD Stock/BTC_test.csv",
    "metrics": {
      "training": {
        "accuracy": 83.86773547094188,
        "f1": 83.87489560296373,
        "precision": 83.89570723137419,
        "recall": 83.86773547094188,
        "confusion": [
          [
            394,
            76
          ],
          [
            85,
            443
          ]
        ]
      },
      "test": {
        "accuracy": 88.212927756654,
        "f1": 88.06331631105591,
        "precision": 90.4824882507144,
        "recall": 88.212927756654,
        "confusion": [
          [
            130,
            0
          ],
          [
            31,
            102
          ]
        ]
      }
    }
  },
  "3": {
    "train_path": "C:/Users/HP/Downloads/Euro_USD Stock/BTC_train.csv",
    "test_path": "C:/Users/HP/Downloads/Euro_USD Stock/BTC_test.csv",
    "metrics": {
      "training": {
        "accuracy": 74.34869739478958,
        "f1": 74.29204887040834,
        "precision": 74.33698339535285,
        "recall": 74.34869739478958,
        "confusion": [
          [
            329,
            141
          ],
          [
            115,
            413
          ]
        ]
      },
      "test": {
        "accuracy": 70.72243346007605,
        "f1": 69.03460534738693,
        "precision": 77.01511062077661,
        "recall": 70.72243346007605,
        "confusion": [
          [
            123,
            7
          ],
          [
            70,
            63
          ]
        ]
      }
    }
  },
  "4": {
    "train_path": "C:/Users/HP/Downloads/Euro_USD Stock/BTC_train.csv",
    "test_path": "C:/Users/HP/Downloads/Euro_USD Stock/BTC_test.csv",
    "metrics": {
      "training": {
        "accuracy": 78.95791583166333,
        "f1": 78.92049271278319,
        "precision": 78.96031348411108,
        "recall": 78.95791583166333,
        "confusion": [
          [
            354,
            116
          ],
          [
            94,
            434
          ]
        ]
      },
      "test": {
        "accuracy": 77.56653992395437,
        "f1": 76.52432009822469,
        "precision": 84.00347695248165,
        "recall": 77.56653992395437,
        "confusion": [
          [
            129,
            1
          ],
          [
            58,
            75
          ]
        ]
      }
    }
  },
  "5": {
    "train_path": "C:/Users/HP/Downloads/Euro_USD Stock/BTC_train.csv",
    "test_path": "C:/Users/HP/Downloads/Euro_USD Stock/BTC_test.csv",
    "metrics": {
      "training": {
        "accuracy": 66.23246492985973,
        "f1": 65.9304826261785,
        "precision": 66.27304157808719,
        "recall": 66.23246492985973,
        "confusion": [
          [
            267,
            203
          ],
          [
            134,
            394
          ]
        ]
      },
      "test": {
        "accuracy": 80.6083650190114,
        "f1": 80.06463398846368,
        "precision": 84.7181620660708,
        "recall": 80.6083650190114,
        "confusion": [
          [
            127,
            3
          ],
          [
            48,
            85
          ]
        ]
      }
    }
  },
  "6": {
    "train_path": "C:/Users/HP/Downloads/Euro_USD Stock/BTC_train.csv",
    "test_path": "C:/Users/HP/Downloads/Euro_USD Stock/BTC_test.csv",
    "metrics": {
      "training": {
        "accuracy": 85.07014028056112,
        "f1": 84.7717324191114,
        "precision": 86.81323895316163,
        "recall": 85.07014028056112,
        "confusion": [
          [
            339,
            131
          ],
          [
            18,
            510
          ]
        ]
      },
      "test": {
        "accuracy": 86.69201520912547,
        "f1": 86.47329126803253,
        "precision": 89.51492107385644,
        "recall": 86.69201520912547,
        "confusion": [
          [
            130,
            0
          ],
          [
            35,
            98
          ]
        ]
      }
    }
  },
  "7": {
    "train_path": "C:/Users/HP/Downloads/Euro_USD Stock/BTC_train.csv",
    "test_path": "C:/Users/HP/Downloads/Euro_USD Stock/BTC_test.csv",
    "metrics": {
      "training": {
        "accuracy": 90.28056112224448,
        "f1": 90.22565908182735,
        "precision": 90.65316753927804,
        "recall": 90.28056112224448,
        "confusion": [
          [
            396,
            74
          ],
          [
            23,
            505
          ]
        ]
      },
      "test": {
        "accuracy": 88.97338403041825,
        "f1": 88.85199836413025,
        "precision": 90.98452782361241,
        "recall": 88.97338403041825,
        "confusion": [
          [
            130,
            0
          ],
          [
            29,
            104
          ]
        ]
      }
    }
  },
  "8": {
    "train_path": "C:/Users/HP/Downloads/Euro_USD Stock/BTC_train.csv",
    "test_path": "C:/Users/HP/Downloads/Euro_USD Stock/BTC_test.csv",
    "metrics": {
      "training": {
        "accuracy": 92.88577154308616,
        "f1": 92.88351256838877,
        "precision": 92.88593527914026,
        "recall": 92.88577154308616,
        "confusion": [
          [
            432,
            38
          ],
          [
            33,
            495
          ]
        ]
      },
      "test": {
        "accuracy": 96.57794676806084,
        "f1": 96.57527379170332,
        "precision": 96.7995185600569,
        "recall": 96.57794676806084,
        "confusion": [
          [
            130,
            0
          ],
          [
            9,
            124
          ]
        ]
      }
    }
  },
  "9": {
    "train_path": "C:/Users/HP/Downloads/Euro_USD Stock/BTC_train.csv",
    "test_path": "C:/Users/HP/Downloads/Euro_USD Stock/BTC_test.csv",
    "metrics": {
      "training": {
        "accuracy": 92.28456913827655,
        "f1": 92.2716368506485,
        "precision": 92.3411563228932,
        "recall": 92.28456913827655,
        "confusion": [
          [
            421,
            49
          ],
          [
            28,
            500
          ]
        ]
      },
      "test": {
        "accuracy": 94.67680608365019,
        "f1": 94.66493359113602,
        "precision": 95.19433882551753,
        "recall": 94.67680608365019,
        "confusion": [
          [
            130,
            0
          ],
          [
            14,
            119
          ]
        ]
      }
    }
  },
  "10": {
    "train_path": "C:/Users/HP/Downloads/Euro_USD Stock/BTC_train.csv",
    "test_path": "C:/Users/HP/Downloads/Euro_USD Stock/BTC_test.csv",
    "metrics": {
      "training": {
        "accuracy": 84.66933867735472,
        "f1": 84.5338092610861,
        "precision": 87.24098572881466,
        "recall": 84.66933867735472,
        "confusion": [
          [
            457,
            13
          ],
          [
            140,
            388
          ]
        ]
      },
      "test": {
        "accuracy": 99.23954372623575,
        "f1": 99.23943374470822,
        "precision": 99.25080974510632,